week_start,week_number,year,quarter,revenue_usd,spend_tv_brand,impressions_tv_brand,spend_paid_search_google,impressions_paid_search_google,spend_paid_social_facebook,impressions_paid_social_facebook,spend_paid_social_instagram,impressions_paid_social_instagram,spend_display_programmatic,impressions_display_programmatic,spend_email_marketing,impressions_email_marketing,spend_affiliate,impressions_affiliate,spend_influencer,impressions_influencer,spend_ooh_outdoor,impressions_ooh_outdoor,spend_podcast_radio,impressions_podcast_radio
2022-01-03,1,2022,Q1,855880.71,27345.07,3418133,31562.68,6312536,41353.41,3446117,15722.72,1123051,9479.27,2708361,3251.04,4063796,9019.33,0,0.0,0,18915.29,3152548,4870.99,487098
2022-01-10,2,2022,Q1,882358.65,52059.55,6507443,22081.01,4416201,28818.64,2401553,37232.08,2659434,0.0,0,3796.89,4746116,3962.37,0,16396.58,910921,14097.29,2349547,9439.5,943949
2022-01-17,3,2022,Q1,905504.97,51134.06,6391757,24647.59,4929517,23888.04,1990669,0.0,0,20478.95,5851128,3452.98,4316229,5219.08,0,5728.0,318222,54494.33,9082388,10254.08,1025407
2022-01-24,4,2022,Q1,880395.06,71066.36,8883295,35441.99,7088397,16241.15,1353428,15336.09,1095435,12419.01,3548288,2904.43,3630540,6368.09,0,7432.31,412905,12202.9,2033816,0.0,0
2022-01-31,5,2022,Q1,905654.47,0.0,0,81639.9,16327979,17404.14,1450344,19028.52,1359180,12774.19,3649767,2521.68,3152097,13772.1,0,7759.71,431094,18787.0,3131166,0.0,0
2022-02-07,6,2022,Q1,1109356.29,44525.84,5565730,48235.08,9647016,37576.67,3131389,13649.54,974967,19983.55,5709586,4186.23,5232792,5927.19,0,14460.6,803366,15410.67,2568444,5789.99,578999
2022-02-14,7,2022,Q1,1159825.85,70209.61,8776201,44720.59,8944117,24962.33,2080194,21229.37,1516383,0.0,0,3974.1,4967620,26306.06,0,0.0,0,21298.94,3549823,0.0,0
2022-02-21,8,2022,Q1,1149716.12,61326.75,7665844,31323.85,6264770,29211.91,2434326,31437.05,2245503,18623.37,5320962,4555.07,5693842,12355.64,0,40321.98,2240109,14895.72,2482619,20638.26,2063825
2022-02-28,9,2022,Q1,1067678.86,23251.21,2906400,35815.53,7163105,33121.89,2760157,15051.03,1075073,14265.79,4075939,3641.09,4551361,11068.73,0,26344.68,1463593,16614.95,2769157,8990.26,899025
2022-03-07,10,2022,Q1,1112911.32,34867.64,4358455,67778.89,13555778,50963.76,4246979,12730.62,909329,22835.71,6524489,4952.81,6191016,9199.33,0,32377.32,1798740,9931.11,1655184,14491.79,1449178
2022-03-14,11,2022,Q1,1057377.53,63354.41,7919300,23825.82,4765163,43541.3,3628441,17224.73,1230338,10651.33,3043236,3641.32,4551644,8362.22,0,6590.66,366147,23179.98,3863330,10964.49,1096448
2022-03-21,12,2022,Q1,1030901.12,106364.85,13295605,33771.03,6754205,33634.84,2802903,18354.51,1311036,20226.39,5778969,3072.46,3840578,6810.59,0,13645.65,758091,18043.44,3007239,0.0,0
2022-03-28,13,2022,Q1,1109025.2,49686.53,6210816,49890.16,9978032,50021.33,4168443,26399.33,1885666,15872.72,4535063,3177.15,3971442,4537.26,0,7698.53,427696,29146.1,4857682,10230.56,1023056
2022-04-04,14,2022,Q2,926730.34,43049.95,5381243,31777.56,6355511,41640.92,3470077,17031.58,1216541,7144.4,2041257,3885.8,4857255,6021.81,0,5099.37,283298,21273.64,3545606,8059.84,805984
2022-04-11,15,2022,Q2,991329.28,57815.01,7226875,45037.06,9007411,19038.7,1586558,15501.91,1107279,6928.32,1979520,3120.59,3900740,20425.48,0,15573.35,865185,14677.57,2446261,31046.99,3104699
2022-04-18,16,2022,Q2,1040284.8,41973.81,5246725,38435.41,7687081,49354.92,4112910,0.0,0,12415.1,3547170,4944.48,6180598,11961.77,0,12019.31,667739,12879.63,2146604,11641.5,1164149
2022-04-25,17,2022,Q2,1026322.61,48234.33,6029291,32287.69,6457538,33980.14,2831678,24255.85,1732561,10146.64,2899039,3819.15,4773936,20316.29,0,12480.63,693368,21934.79,3655798,8420.79,842078
2022-05-02,18,2022,Q2,1005643.35,54666.96,6833369,22903.75,4580749,16684.43,1390369,7989.38,570670,6459.72,1845634,3526.7,4408379,6728.71,0,9965.78,553654,45207.03,7534504,5629.66,562966
2022-05-09,19,2022,Q2,1019639.52,0.0,0,39813.25,7962649,42957.02,3579751,28076.02,2005429,8637.38,2467822,3585.04,4481298,5418.65,0,13202.03,733446,16095.89,2682648,13714.72,1371472
2022-05-16,20,2022,Q2,1011558.52,34170.52,4271314,31170.0,6233999,35337.55,2944795,13516.43,965459,13102.04,3743440,3324.39,4155493,9154.69,0,12902.67,716815,8037.51,1339585,15475.67,1547567
2022-05-23,21,2022,Q2,1062020.74,31125.57,3890695,36925.49,7385097,31859.02,2654918,12139.63,867116,10062.58,2875022,2506.9,3133622,6124.14,0,18182.01,1010111,24566.92,4094487,9425.1,942509
2022-05-30,22,2022,Q2,1124677.18,89902.86,11237856,43113.36,8622672,40636.13,3386344,17085.14,1220366,35266.96,10076273,3177.6,3971997,10115.99,0,6751.12,375062,42288.81,7048135,12913.89,1291388
2022-06-06,23,2022,Q2,1081989.72,60686.45,7585806,47182.59,9436517,31940.54,2661711,23853.37,1703812,10734.88,3067109,4794.94,5993669,4134.13,0,18747.39,1041521,29554.96,4925826,0.0,0
2022-06-13,24,2022,Q2,1168137.86,81787.6,10223450,33745.59,6749118,36113.68,3009473,17036.31,1216879,22329.27,6379792,3660.7,4575870,3321.3,0,17091.22,949512,11251.81,1875302,8421.28,842128
2022-06-20,25,2022,Q2,1046057.02,34926.46,4365807,32273.74,6454747,30841.54,2570128,12608.29,900592,26775.86,7650245,4315.37,5394210,10850.95,0,13378.65,743258,23471.55,3911925,14243.69,1424369
2022-06-27,26,2022,Q2,909174.2,23736.58,2967072,24398.75,4879749,27530.97,2294247,18979.75,1355696,10016.27,2861790,3821.59,4776983,18277.62,0,9857.66,547647,30624.59,5104097,6773.37,677337
2022-07-04,27,2022,Q3,1017965.34,26403.45,3300431,42065.09,8413018,20237.29,1686440,11975.34,855381,9695.43,2770121,3056.37,3820462,9765.94,0,0.0,0,15301.39,2550231,9057.86,905785
2022-07-11,28,2022,Q3,1076321.08,32564.86,4070607,56842.93,11368585,32596.49,2716373,14953.58,1068113,10103.04,2886582,3509.22,4386526,10470.43,0,12303.39,683521,14333.94,2388989,13640.39,1364039
2022-07-18,29,2022,Q3,1055883.72,62894.27,7861783,43287.72,8657544,52165.97,4347163,12495.77,892555,11518.77,3291077,2247.12,2808904,8226.77,0,6548.58,363809,14578.75,2429790,9707.7,970769
2022-07-25,30,2022,Q3,939104.54,72167.27,9020908,45900.71,9180141,25587.26,2132271,16689.65,1192117,10610.71,3031632,4138.1,5172629,8619.88,0,20349.0,1130499,17347.85,2891307,19013.72,1901372
2022-08-01,31,2022,Q3,790527.85,44091.86,5511482,0.0,0,22048.68,1837390,15215.93,1086852,7704.43,2201266,4059.05,5073806,3906.08,0,9804.34,544685,10210.89,1701815,0.0,0
2022-08-08,32,2022,Q3,918158.41,36559.28,4569909,28017.67,5603534,23812.12,1984343,16723.27,1194519,14135.25,4038641,3399.86,4249830,5482.86,0,11184.33,621351,0.0,0,4437.46,443745
2022-08-15,33,2022,Q3,898582.28,24552.92,3069115,31513.15,6302629,18314.18,1526182,0.0,0,10597.34,3027811,3244.83,4056043,14693.98,0,46111.93,2561774,19619.61,3269935,17007.28,1700728
2022-08-22,34,2022,Q3,1028742.7,79387.5,9923437,53396.98,10679396,26587.54,2215628,12342.42,881601,31632.17,9037761,3064.3,3830373,4587.04,0,15211.73,845096,42095.06,7015843,12190.24,1219023
2022-08-29,35,2022,Q3,983090.05,82300.09,10287510,24191.88,4838376,27311.77,2275980,16441.18,1174369,17927.92,5122262,3894.15,4867687,6761.11,0,12167.36,675964,10792.94,1798824,5960.83,596083
2022-09-05,36,2022,Q3,1017980.63,36713.32,4589164,37014.38,7402876,32407.05,2700587,7117.33,508380,12110.14,3460040,4084.11,5105131,16506.82,0,10123.12,562395,27843.83,4640638,0.0,0
2022-09-12,37,2022,Q3,1164878.44,34477.6,4309699,55888.19,11177637,41311.55,3442629,26374.54,1883895,17682.54,5052153,1979.92,2474895,9660.86,0,0.0,0,42271.15,7045191,12669.36,1266936
2022-09-19,38,2022,Q3,1104543.48,53155.5,6644436,52899.94,10579987,26565.86,2213821,15965.52,1140393,17399.77,4971362,3255.27,4069085,9907.07,0,5276.78,293154,91405.21,15234201,45785.23,4578523
2022-09-26,39,2022,Q3,1104046.95,107800.1,13475012,38559.92,7711983,27154.75,2262895,15805.65,1128974,21595.85,6170243,2797.79,3497234,7711.14,0,23823.79,1323544,24482.38,4080397,0.0,0
2022-10-03,40,2022,Q4,1342394.02,98105.88,12263235,110344.81,22068961,35198.99,2933249,17658.64,1261331,9545.64,2727324,4549.95,5687440,15855.79,0,13243.19,735732,31442.95,5240491,14625.22,1462522
2022-10-10,41,2022,Q4,1385085.83,83745.12,10468140,51203.55,10240710,67538.03,5628169,17567.29,1254806,13368.52,3819578,8294.33,10367912,20789.73,0,7998.16,444342,87064.16,14510693,33133.81,3313381
2022-10-17,42,2022,Q4,1259084.82,91980.76,11497594,63275.8,12655159,53021.21,4418434,33312.96,2379497,25253.15,7215184,5465.63,6832040,5667.88,0,24140.46,1341136,49539.71,8256617,36522.0,3652199
2022-10-24,43,2022,Q4,1809093.9,162907.53,20363440,94904.96,18980991,116057.02,9671418,42829.8,3059271,15617.76,4462217,4498.55,5623190,20620.69,0,0.0,0,40442.94,6740489,14267.64,1426763
2022-10-31,44,2022,Q4,1358727.26,70693.99,8836748,58139.52,11627904,80372.12,6697676,28168.12,2012008,37735.33,10781524,7257.85,9072313,19029.49,0,7019.82,389989,9887.58,1647930,13769.55,1376955
2022-11-07,45,2022,Q4,1575203.3,170918.6,21364824,61988.57,12397714,37824.49,3152040,32927.8,2351986,30251.58,8643308,6203.52,7754404,22193.1,0,11961.94,664552,27789.77,4631628,9160.38,916037
2022-11-14,46,2022,Q4,1595790.27,140105.73,17513216,70274.93,14054986,35082.13,2923510,49627.58,3544827,31118.27,8890933,7090.05,8862559,16953.7,0,13928.84,773824,36646.26,6107709,16763.81,1676380
2022-11-21,47,2022,Q4,2341470.71,70129.46,8766182,54524.68,10904936,116219.58,9684965,44039.34,3145667,35605.72,10173062,10759.98,13449973,19283.94,0,6373.28,354071,21286.38,3547730,12461.59,1246159
2022-11-28,48,2022,Q4,2909893.48,108375.69,13546960,100108.48,20021695,70499.33,5874943,36135.3,2581092,37172.87,10620819,6112.34,7640427,10866.39,0,48959.41,2719967,105263.88,17543980,43711.93,4371193
2022-12-05,49,2022,Q4,2136828.1,111370.55,13921318,88801.24,17760247,102696.56,8558046,29802.66,2128761,45383.81,12966803,7118.56,8898204,26846.28,0,13799.52,766639,52466.65,8744442,12541.3,1254129
2022-12-12,50,2022,Q4,2150895.46,90339.58,11292447,105348.29,21069657,73972.48,6164373,0.0,0,28520.4,8148685,8082.12,10102648,20757.68,0,26197.66,1455425,25389.49,4231581,21974.6,2197460
2022-12-19,51,2022,Q4,2302222.56,114210.22,14276276,79488.24,15897648,88243.74,7353644,25729.47,1837818,25057.09,7159167,6232.94,7791169,16936.63,0,12194.74,677485,44352.75,7392124,22802.85,2280284
2022-12-26,52,2022,Q4,2057356.91,142180.1,17772512,83525.53,16705106,134832.2,11236016,71284.55,5091753,26676.14,7621754,9410.15,11762693,21123.05,0,79780.31,4432239,70739.07,11789845,19955.44,1995543
2023-01-02,53,2023,Q1,934415.41,19018.94,2377367,29509.58,5901915,21587.02,1798918,23393.05,1670932,11495.69,3284483,3075.94,3844921,11107.9,0,27977.85,1554324,6219.74,1036623,25334.06,2533405
2023-01-09,54,2023,Q1,914031.66,44565.1,5570637,41010.55,8202110,22672.38,1889364,7991.14,570795,6663.63,1903893,2411.11,3013881,2087.39,0,14388.96,799386,19332.88,3222146,7810.02,781002
2023-01-16,55,2023,Q1,861243.77,0.0,0,43185.51,8637101,26624.76,2218729,22834.3,1631021,15473.17,4420906,3111.14,3888928,7619.81,0,6480.08,360004,0.0,0,9867.06,986706
2023-01-23,56,2023,Q1,837547.02,33523.62,4190452,31324.05,6264810,20450.35,1704195,6906.5,493321,10150.22,2900062,2378.85,2973566,9512.94,0,0.0,0,23932.58,3988763,7757.06,775705
2023-01-30,57,2023,Q1,920484.1,45179.98,5647497,33790.4,6758080,24424.84,2035403,20739.89,1481420,12531.76,3580503,3264.69,4080865,7581.93,0,0.0,0,19912.78,3318795,5682.45,568245
2023-02-06,58,2023,Q1,939437.11,42466.44,5308304,36783.54,7356707,24372.78,2031064,17806.02,1271858,13476.39,3850396,3699.05,4623816,2123.55,0,16705.33,928073,31191.3,5198550,0.0,0
2023-02-13,59,2023,Q1,1074964.65,45497.57,5687196,30970.37,6194074,26915.56,2242963,38271.5,2733678,15653.05,4472300,3072.9,3841119,10421.38,0,19512.95,1084052,40503.05,6750508,10014.17,1001416
2023-02-20,60,2023,Q1,1105670.82,77681.47,9710183,64115.3,12823059,40139.19,3344932,22774.96,1626783,11710.48,3345850,3904.8,4880998,11790.34,0,5544.92,308050,31847.47,5307911,15884.86,1588485
2023-02-27,61,2023,Q1,1074859.46,32783.54,4097942,50760.27,10152053,32967.94,2747328,11466.33,819023,15130.21,4322916,2913.43,3641787,4739.71,0,9793.31,544072,0.0,0,10351.86,1035186
2023-03-06,62,2023,Q1,989749.72,38340.65,4792581,46316.67,9263333,40091.01,3340917,18646.49,1331892,14764.79,4218511,3478.45,4348056,6378.23,0,10467.62,581534,62550.71,10425117,17002.9,1700289
2023-03-13,63,2023,Q1,1081939.89,102528.44,12816055,37883.83,7576766,26231.18,2185931,0.0,0,10580.46,3022988,5224.95,6531182,8722.41,0,10225.11,568061,23771.75,3961959,10155.31,1015531
2023-03-20,64,2023,Q1,1042593.22,37004.7,4625586,30364.45,6072890,37974.52,3164543,19277.09,1376935,11195.24,3198639,3199.45,3999312,0.0,0,5949.95,330552,40300.79,6716798,11373.15,1137315
2023-03-27,65,2023,Q1,1016212.57,56936.46,7117057,48490.41,9698082,19638.13,1636510,12780.76,912911,16280.08,4651450,3547.57,4434461,6622.83,0,33460.0,1858889,19843.94,3307323,15010.73,1501072
2023-04-03,66,2023,Q2,1036414.91,118546.51,14818314,36628.32,7325664,32464.96,2705413,25805.21,1843228,0.0,0,2821.96,3527447,7736.81,0,9602.32,533462,0.0,0,6605.77,660577
2023-04-10,67,2023,Q2,1004037.45,0.0,0,42132.48,8426496,38757.09,3229757,21237.76,1516983,0.0,0,4000.6,5000751,9752.38,0,6185.65,343647,13100.25,2183375,12889.05,1288905
2023-04-17,68,2023,Q2,1135775.56,81487.4,10185925,33004.87,6600973,19438.97,1619914,0.0,0,26187.1,7482028,2999.48,3749343,9013.72,0,34077.83,1893212,32500.03,5416671,16509.44,1650943
2023-04-24,69,2023,Q2,998640.94,34099.97,4262496,40399.92,8079983,26316.21,2193017,31739.39,2267099,13636.6,3896170,3713.92,4642403,14468.9,0,27766.81,1542600,17314.16,2885694,15414.81,1541481
2023-05-01,70,2023,Q2,1009431.52,68064.09,8508011,33476.72,6695344,32458.28,2704856,31188.36,2227739,7844.81,2241373,4279.31,5349135,4283.52,0,11970.28,665015,33029.07,5504845,8093.12,809312
2023-05-08,71,2023,Q2,1044906.86,38662.46,4832807,33778.57,6755714,43277.11,3606425,17031.02,1216501,5809.73,1659924,3327.72,4159648,4543.9,0,3806.96,211497,0.0,0,0.0,0
2023-05-15,72,2023,Q2,1018522.18,47579.67,5947458,40269.67,8053934,26914.59,2242882,23871.36,1705097,9305.11,2658604,3918.24,4897804,8043.32,0,8316.77,462042,30861.04,5143506,8797.63,879763
2023-05-22,73,2023,Q2,1015724.39,79314.1,9914262,26458.17,5291634,37512.61,3126050,15935.78,1138270,18585.84,5310239,3757.95,4697435,11798.31,0,4225.23,234734,35866.62,5977769,12372.35,1237235
2023-05-29,74,2023,Q2,1081247.62,31609.07,3951134,26728.23,5345645,49313.92,4109493,19295.41,1378243,8389.12,2396891,4315.21,5394017,13155.0,0,14970.11,831672,16466.48,2744413,15361.78,1536177
2023-06-05,75,2023,Q2,965241.28,26681.37,3335171,31752.62,6350523,38048.34,3170695,10558.87,754205,19846.75,5670499,3922.59,4903241,0.0,0,7990.67,443926,26516.72,4419453,11011.89,1101188
2023-06-12,76,2023,Q2,1083441.94,59764.89,7470611,36025.4,7205080,30108.94,2509078,13611.54,972252,18158.48,5188137,4529.97,5662456,7399.72,0,10819.89,601105,15423.13,2570521,6895.19,689519
2023-06-19,77,2023,Q2,1036949.61,61823.31,7727913,47087.19,9417438,35768.93,2980744,22004.79,1571770,13455.49,3844424,3321.72,4152151,8931.89,0,31856.65,1769814,0.0,0,13885.39,1388539
2023-06-26,78,2023,Q2,909747.69,68808.01,8601000,32129.29,6425858,23493.11,1957758,8574.46,612461,6692.68,1912193,2385.3,2981625,8362.97,0,6744.55,374697,19154.32,3192386,16556.95,1655694
2023-07-03,79,2023,Q3,1082113.16,61213.85,7651731,33285.59,6657117,28901.09,2408424,16377.37,1169812,9341.44,2668983,2217.06,2771323,4527.07,0,12824.1,712450,16386.54,2731089,8441.13,844112
2023-07-10,80,2023,Q3,978325.35,55320.47,6915058,31111.83,6222365,26875.08,2239589,16864.34,1204595,11186.74,3196212,2257.78,2822231,0.0,0,15328.44,851580,10844.78,1807463,0.0,0
2023-07-17,81,2023,Q3,1038935.88,35640.72,4455089,36249.75,7249949,31161.5,2596791,0.0,0,14183.03,4052294,2898.58,3623230,7859.6,0,20210.9,1122827,10760.88,1793480,5579.82,557982
2023-07-24,82,2023,Q3,867092.13,53732.28,6716535,27192.6,5438520,24886.85,2073903,12949.6,924971,0.0,0,3186.33,3982906,10580.76,0,0.0,0,0.0,0,11988.44,1198844
2023-07-31,83,2023,Q3,1052412.03,55223.16,6902894,32543.01,6508602,31697.51,2641459,16531.07,1180790,18018.97,5148276,2677.56,3346951,14406.46,0,0.0,0,24502.65,4083774,13342.04,1334203
2023-08-07,84,2023,Q3,970309.76,0.0,0,36972.73,7394546,24818.94,2068245,23683.63,1691687,10740.63,3068751,1964.25,2455312,7316.46,0,5716.02,317556,31744.95,5290825,12318.46,1231845
2023-08-14,85,2023,Q3,846692.52,35094.4,4386800,35366.88,7073376,36570.43,3047535,12384.26,884590,13723.25,3920929,2686.75,3358433,6345.53,0,5893.99,327444,28993.64,4832274,8681.97,868197
2023-08-21,86,2023,Q3,951156.6,77610.76,9701345,33545.44,6709087,25536.16,2128013,15647.21,1117657,11236.88,3210537,2812.52,3515649,5088.53,0,16746.89,930382,0.0,0,14409.09,1440908
2023-08-28,87,2023,Q3,897752.39,87864.63,10983079,33645.53,6729106,15278.78,1273231,29438.95,2102782,14808.41,4230975,3067.74,3834680,3988.6,0,5978.41,332133,13545.8,2257634,8778.17,877817
2023-09-04,88,2023,Q3,1055179.76,39224.54,4903066,43038.1,8607619,23648.74,1970728,23059.66,1647118,17851.06,5100303,4673.18,5841475,4016.63,0,10859.88,603326,22864.17,3810695,14489.97,1448997
2023-09-11,89,2023,Q3,1064207.04,33070.46,4133808,65097.22,13019443,32177.31,2681442,14783.45,1055960,23074.73,6592779,2430.14,3037675,6441.03,0,0.0,0,0.0,0,11825.7,1182570
2023-09-18,90,2023,Q3,1024953.31,66576.52,8322065,31366.78,6273355,52913.95,4409496,22376.36,1598311,17040.95,4868842,4009.87,5012331,15137.53,0,0.0,0,41682.26,6947042,4945.07,494506
2023-09-25,91,2023,Q3,1241760.77,83979.62,10497453,65695.92,13139184,41040.43,3420035,10389.47,742105,16265.54,4647295,3926.93,4908656,12631.42,0,7025.65,390314,25454.13,4242354,22552.98,2255298
2023-10-02,92,2023,Q4,1087059.64,40219.29,5027411,41007.5,8201500,26111.77,2175980,23131.54,1652252,13735.63,3924466,5879.17,7348963,0.0,0,3639.46,202192,54420.45,9070075,13505.09,1350509
2023-10-09,93,2023,Q4,1242296.58,58499.25,7312406,64290.24,12858048,49385.61,4115467,40420.55,2887182,21031.66,6009045,6987.26,8734075,10918.12,0,23776.93,1320940,7249.32,1208220,38677.32,3867731
2023-10-16,94,2023,Q4,1413158.95,155222.08,19402760,47229.34,9445868,69397.93,5783160,38576.46,2755461,16118.98,4605423,5134.18,6417723,22505.18,0,22007.31,1222628,57978.81,9663135,21602.65,2160265
2023-10-23,95,2023,Q4,1427923.15,118714.66,14839332,45058.33,9011666,81049.93,6754161,40182.92,2870208,20649.03,5899723,4539.34,5674172,14684.83,0,0.0,0,36150.64,6025105,24215.09,2421509
2023-10-30,96,2023,Q4,1446411.99,50901.09,6362636,63446.73,12689345,53464.69,4455390,32169.0,2297785,10090.29,2882939,4395.13,5493910,20066.56,0,23892.62,1327367,67905.21,11317534,21881.07,2188107
2023-11-06,97,2023,Q4,1617825.23,135789.3,16973663,80814.78,16162955,105781.49,8815124,41228.98,2944927,15575.46,4450132,6290.92,7863651,9565.65,0,10588.67,588259,35251.91,5875318,23140.09,2314008
2023-11-13,98,2023,Q4,1395566.89,116641.77,14580221,119091.17,23818233,76994.02,6416168,0.0,0,22245.57,6355877,6905.66,8632080,11739.02,0,34728.63,1929368,17141.55,2856925,32058.79,3205878
2023-11-20,99,2023,Q4,2354594.21,171072.73,21384090,81924.05,16384809,79082.03,6590169,48854.27,3489590,51086.2,14596058,6688.92,8361144,0.0,0,11382.97,632387,50466.09,8411015,4351.85,435184
2023-11-27,100,2023,Q4,2117585.6,164560.86,20570107,61429.69,12285937,61498.02,5124835,33343.07,2381647,0.0,0,6579.12,8223905,21797.9,0,16531.98,918443,63313.79,10552298,45725.03,4572502
2023-12-04,101,2023,Q4,2238042.55,100314.4,12539299,97861.13,19572225,102609.02,8550751,36000.77,2571483,41659.75,11902786,5996.57,7495710,12723.8,0,35641.99,1980110,0.0,0,36873.72,3687371
2023-12-11,102,2023,Q4,2153320.73,131327.3,16415912,78720.65,15744130,87106.61,7258884,0.0,0,22405.38,6401536,7038.43,8798041,8681.59,0,126938.73,7052151,30302.11,5050352,16628.09,1662808
2023-12-18,103,2023,Q4,2384006.58,320972.22,40121527,93532.46,18706492,71389.14,5949094,48330.68,3452191,25467.58,7276451,8142.03,10177541,25297.82,0,0.0,0,0.0,0,32755.82,3275581
2023-12-25,104,2023,Q4,2250916.5,220339.05,27542380,102103.64,20420728,110062.09,9171841,41345.82,2953273,41549.75,11871355,6643.56,8304444,11595.52,0,14947.84,830435,17630.19,2938364,40277.44,4027743
